learning evaluation instances,evaluation time (cpu seconds),average chunk train time,average chunk train speed,average chunk test time,average chunk test speed,model cost (RAM-Hours),classified instances,classifications correct (percent),Kappa Statistic (percent),Kappa Temporal Statistic (percent),Kappa M Statistic (percent),model training instances,model serialized size (bytes),labeling cost,newThreshold,[avg] model training instances,[err] model training instances,[avg] model serialized size (bytes),[err] model serialized size (bytes),[avg] tree size (nodes),[err] tree size (nodes),[avg] tree size (leaves),[err] tree size (leaves),[avg] active learning leaves,[err] active learning leaves,[avg] tree depth,[err] tree depth,[avg] active leaf byte size estimate,[err] active leaf byte size estimate,[avg] inactive leaf byte size estimate,[err] inactive leaf byte size estimate,[avg] byte size estimate overhead,[err] byte size estimate overhead
10000.0,0.733095308,0.0174452597,28661.08092389132,0.008776841300000001,56968.10309194037,1.8439660216743746E-8,10000.0,88.69,77.37998190398552,77.4341580207502,77.24346076458754,10000.0,135912.0,0.3276,0.5,574.4000000000001,371.37976968775956,6630.4,2167.2530078419545,1.4,0.8432740427115678,1.2000000000000002,0.4216370213557839,1.2000000000000002,0.4216370213557839,0.20000000000000004,0.4216370213557839,0.0,0.0,0.0,0.0,1.0,0.0
20000.0,1.340635989,0.014770983900000001,33850.148601136854,0.00877556035,56976.41860556517,3.4430599270543707E-8,20000.0,88.78,77.55866429169865,77.72262483867766,77.33562266437734,20000.0,131256.0,0.3049,0.5,519.5999999999999,332.0034136370689,6167.2,1768.3456675661578,1.2000000000000002,0.6324555320336759,1.1,0.31622776601683794,1.1,0.31622776601683794,0.10000000000000002,0.31622776601683794,0.0,0.0,0.0,0.0,1.0,0.0
30000.0,1.836386042,0.0120375807,41536.585503430935,0.00755926645,66143.9841163424,4.773921836535136E-8,30000.0,88.77666666666667,77.55331657314305,77.65166600292049,77.48729606846751,30000.0,131256.0,0.2963,0.5,535.6999999999999,341.4036548655499,6167.2,1768.3456675661578,1.2000000000000002,0.6324555320336759,1.1,0.31622776601683794,1.1,0.31622776601683794,0.10000000000000002,0.31622776601683794,0.0,0.0,0.0,0.0,1.0,0.0
40000.0,2.307063906,0.01126295285,44393.331540937776,0.007260138250000001,68869.21196025432,6.031862779899191E-8,40000.0,88.6375,77.27474740881746,77.4251229324989,77.16998191681736,40000.0,131256.0,0.28985,0.5,519.5999999999999,332.0930927047749,6167.2,1768.3456675661578,1.2000000000000002,0.6324555320336759,1.1,0.31622776601683794,1.1,0.31622776601683794,0.10000000000000002,0.31622776601683794,0.0,0.0,0.0,0.0,1.0,0.0
50000.0,2.774002088,0.011403245150000001,43847.16748810754,0.0070699102,70722.25613275824,7.286412484504905E-8,50000.0,88.79,77.57973777261299,77.7949449330481,77.47277038704232,50000.0,131256.0,0.28754,0.5,535.2,342.3425185395469,6167.2,1768.3456675661578,1.2000000000000002,0.6324555320336759,1.1,0.31622776601683794,1.1,0.31622776601683794,0.10000000000000002,0.31622776601683794,0.0,0.0,0.0,0.0,1.0,0.0
60000.0,3.229306286,0.01099350195,45481.412772205855,0.0069043772500000005,72417.8274007261,8.501894010969128E-8,60000.0,88.96333333333334,77.92681264401239,78.06921675774136,77.75762461373104,60000.0,131256.0,0.2857,0.5,518.0,332.16963537726724,6167.2,1768.3456675661578,1.2000000000000002,0.6324555320336759,1.1,0.31622776601683794,1.1,0.31622776601683794,0.10000000000000002,0.31622776601683794,0.0,0.0,0.0,0.0,1.0,0.0
70000.0,3.723560726,0.01190301715,42006.15639707786,0.0075528492000000004,66200.18310441045,9.715590948401227E-8,70000.0,88.92428571428572,77.84875522061382,77.96378933007418,77.69819353354043,70000.0,120568.0,0.2833428571428571,0.5,503.40000000000003,326.02767435364206,5101.599999999999,1601.3774071092673,1.2000000000000002,0.6324555320336759,1.1,0.31622776601683794,1.1,0.31622776601683794,0.10000000000000002,0.31622776601683794,0.0,0.0,0.0,0.0,1.0,0.0
80000.0,4.281630935,0.013332427099999999,37502.548954496066,0.008759727200000001,57079.40311200558,1.121134205731377E-7,80000.0,88.955,77.91005239459446,78.0286453152974,77.76043895195185,80000.0,130856.0,0.2813125,0.5,517.0,330.48213937283276,6127.2,1641.8545611594225,1.2000000000000002,0.6324555320336759,1.1,0.31622776601683794,1.1,0.31622776601683794,0.10000000000000002,0.31622776601683794,0.0,0.0,0.0,0.0,1.0,0.0
90000.0,4.819029881,0.01289208615,38783.482687167736,0.00836461675,59775.60179311264,1.2650528861042527E-7,90000.0,89.11,78.22013913297785,78.27888834714773,78.09783458848243,90000.0,130856.0,0.27963333333333334,0.5,514.6,330.7443457146656,6127.2,1641.8545611594225,1.2000000000000002,0.6324555320336759,1.1,0.31622776601683794,1.1,0.31622776601683794,0.10000000000000002,0.31622776601683794,0.0,0.0,0.0,0.0,1.0,0.0
100000.0,5.459020637,0.01523228405,32825.01812326694,0.01022319155,48908.405712108564,1.4305295544397502E-7,100000.0,89.19500000000001,78.3901222254687,78.44990925227867,78.30103424038558,100000.0,125640.0,0.27802,0.5,499.79999999999995,322.7161807739633,5608.0,0.0,1.0,0.0,1.0,0.0,1.0,0.0,0.0,0.0,0.0,0.0,0.0,0.0,1.0,0.0
110000.0,6.041124293,0.01379019775,36257.63814735724,0.0092926773,53805.80685826678,1.580582820734982E-7,110000.0,89.17,78.34003401151686,78.3891156462585,78.24943857150683,110000.0,125640.0,0.2761090909090909,0.5,481.30000000000007,303.1329191405425,5608.0,0.0,1.0,0.0,1.0,0.0,1.0,0.0,0.0,0.0,0.0,0.0,0.0,0.0,1.0,0.0
120000.0,6.776272353,0.0172343619,29011.808090208433,0.01205819915,41465.56162990557,1.7710029678866682E-7,120000.0,89.18166666666667,78.36337780861228,78.42231234625358,78.29895356223464,120000.0,125640.0,0.274175,0.5,479.0000000000001,309.35021505658534,5608.0,0.0,1.0,0.0,1.0,0.0,1.0,0.0,0.0,0.0,0.0,0.0,0.0,0.0,1.0,0.0
130000.0,7.488112065,0.01702459405,29369.27591527505,0.011422062,43774.93310752472,1.9559241982894433E-7,130000.0,89.17153846153846,78.3430804599466,78.38165734996005,78.26214521757929,130000.0,125640.0,0.27294615384615384,0.5,495.5000000000001,316.8470538849234,5608.0,0.0,1.0,0.0,1.0,0.0,1.0,0.0,0.0,0.0,0.0,0.0,0.0,0.0,1.0,0.0
140000.0,8.193187142,0.01661665645,30090.289313287212,0.01126922825,44368.61060117404,2.1372000607503993E-7,140000.0,89.14999999999999,78.30001607127382,78.330646656871,78.20816297252708,140000.0,125640.0,0.2720142857142857,0.5,492.9,308.41834863992415,5608.0,0.0,1.0,0.0,1.0,0.0,1.0,0.0,0.0,0.0,0.0,0.0,0.0,0.0,1.0,0.0
150000.0,8.887641876,0.0162973316,30679.86908973491,0.011165755199999999,44779.77450195219,2.3157274698345405E-7,150000.0,89.18533333333333,78.37070828719175,78.40608069432797,78.29310067976236,150000.0,125640.0,0.27076,0.5,468.4,299.95636719733454,5608.0,0.0,1.0,0.0,1.0,0.0,1.0,0.0,0.0,0.0,0.0,0.0,0.0,0.0,1.0,0.0
160000.0,9.521861276,0.01500237725,33328.05139265512,0.01031241355,48485.25493820988,2.480289598117624E-7,160000.0,89.21249999999999,78.42505782084503,78.44359240155366,78.36225052652692,160000.0,125640.0,0.2699125,0.5,494.0999999999999,317.30407778309086,5608.0,0.0,1.0,0.0,1.0,0.0,1.0,0.0,0.0,0.0,0.0,0.0,0.0,0.0,1.0,0.0
170000.0,10.199449086,0.0158737521,31498.539025313366,0.0111745341,44744.59476570035,2.656120541325812E-7,170000.0,89.23705882352941,78.47415527036226,78.50926132559698,78.42818236480035,170000.0,125640.0,0.2691823529411765,0.5,488.30000000000007,314.800836508842,5608.0,0.0,1.0,0.0,1.0,0.0,1.0,0.0,0.0,0.0,0.0,0.0,0.0,0.0,1.0,0.0
180000.0,10.848760628,0.01545050195,32361.40816771328,0.010317343900000001,48462.0852853417,2.823627813570243E-7,180000.0,89.27722222222222,78.55447915441707,78.58442624769766,78.50692085834233,180000.0,125640.0,0.26850555555555555,0.5,482.4,312.6983637096086,5608.0,0.0,1.0,0.0,1.0,0.0,1.0,0.0,0.0,0.0,0.0,0.0,0.0,0.0,1.0,0.0
190000.0,11.476708648,0.0148202237,33737.68238059727,0.01019712465,49033.430222901115,2.9862563780723555E-7,190000.0,89.31210526315789,78.62424048790668,78.6774047901551,78.5748198478598,190000.0,125640.0,0.26773157894736843,0.5,472.4,305.2420533136139,5608.0,0.0,1.0,0.0,1.0,0.0,1.0,0.0,0.0,0.0,0.0,0.0,0.0,0.0,1.0,0.0
200000.0,12.179599638,0.01663848365,30050.815357804553,0.01139952965,43861.45879273186,3.1685211725132954E-7,200000.0,89.2985,78.59703347423965,78.65910201314176,78.55002455377277,200000.0,125640.0,0.26685,0.5,466.7,297.0469659834956,5608.0,0.0,1.0,0.0,1.0,0.0,1.0,0.0,0.0,0.0,0.0,0.0,0.0,0.0,1.0,0.0
210000.0,12.834607687,0.015481477050000001,32296.6599624291,0.01064718095,46960.78730586428,3.3383739516111504E-7,210000.0,89.31809523809524,78.63620476135135,78.70797501755985,78.60725934120431,210000.0,125640.0,0.26615714285714287,0.5,488.50000000000006,313.9307248422811,5608.0,0.0,1.0,0.0,1.0,0.0,1.0,0.0,0.0,0.0,0.0,0.0,0.0,0.0,1.0,0.0
220000.0,13.391288027,0.01322508995,37806.926220566085,0.00887387305,56345.18289621013,3.482031168171246E-7,220000.0,89.3190909090909,78.6381726820284,78.70207559140758,78.60667528542034,220000.0,125640.0,0.2655636363636364,0.5,490.7,316.41957026145593,5608.0,0.0,1.0,0.0,1.0,0.0,1.0,0.0,0.0,0.0,0.0,0.0,0.0,0.0,1.0,0.0
230000.0,14.144276652,0.017539743899999998,28506.687603346367,0.012514621200000001,39953.26682360949,3.677403522781138E-7,230000.0,89.35260869565217,78.70521708214757,78.75270048673832,78.6792617099077,230000.0,125640.0,0.2649478260869565,0.5,473.50000000000006,304.8530611440353,5608.0,0.0,1.0,0.0,1.0,0.0,1.0,0.0,0.0,0.0,0.0,0.0,0.0,0.0,1.0,0.0
240000.0,14.747675575,0.014419136599999998,34676.14004017411,0.00954638365,52375.8543896358,3.833194540329319E-7,240000.0,89.37,78.73999836859016,78.79671877727081,78.70912823594213,240000.0,125640.0,0.26474583333333335,0.5,495.40000000000003,313.9282295897159,5608.0,0.0,1.0,0.0,1.0,0.0,1.0,0.0,0.0,0.0,0.0,0.0,0.0,0.0,1.0,0.0
250000.0,15.393493748,0.015355535549999999,32561.547487023337,0.01028763515,48602.0346473893,3.999891345357564E-7,250000.0,89.4032,78.80640405831932,78.86389021860539,78.77379655150311,250000.0,125640.0,0.264548,0.5,493.6,317.6948920653973,5608.0,0.0,1.0,0.0,1.0,0.0,1.0,0.0,0.0,0.0,0.0,0.0,0.0,0.0,1.0,0.0
260000.0,16.005263743,0.0145480527,34368.86092665859,0.00986460745,50686.25411951897,4.158589054656257E-7,260000.0,89.42307692307693,78.84616016601996,78.9179948329922,78.80915136430538,260000.0,125640.0,0.2640269230769231,0.5,490.40000000000003,312.02499899847766,5608.0,0.0,1.0,0.0,1.0,0.0,1.0,0.0,0.0,0.0,0.0,0.0,0.0,0.0,1.0,0.0
270000.0,16.640830155,0.015239942949999998,32808.52176680885,0.0101181033,49416.376288627136,4.32343237068322E-7,270000.0,89.44518518518518,78.89037403979671,78.9625211312314,78.8559133402582,270000.0,125640.0,0.2635888888888889,0.5,468.4,299.43658204479067,5608.0,0.0,1.0,0.0,1.0,0.0,1.0,0.0,0.0,0.0,0.0,0.0,0.0,0.0,1.0,0.0
280000.0,17.340050729,0.0164468668,30400.92718450179,0.0113946856,43880.10494997774,4.5044200451951894E-7,280000.0,89.45642857142857,78.91285951946394,78.98206619631071,78.87921474920766,280000.0,125640.0,0.26320714285714286,0.5,477.40000000000003,309.07755229607557,5608.0,0.0,1.0,0.0,1.0,0.0,1.0,0.0,0.0,0.0,0.0,0.0,0.0,0.0,1.0,0.0
290000.0,17.820178738,0.01143142455,43739.08062053386,0.00769812745,64950.86022510578,4.6287742148619563E-7,290000.0,89.47827586206897,78.95654354696603,79.01011212767422,78.89965354853433,290000.0,125640.0,0.26281724137931034,0.5,474.0999999999999,303.5978516978596,5608.0,0.0,1.0,0.0,1.0,0.0,1.0,0.0,0.0,0.0,0.0,0.0,0.0,0.0,1.0,0.0
300000.0,18.354412132,0.01271311565,39329.46208980644,0.00849924745,58828.737831371174,4.7666679721214297E-7,300000.0,89.518,79.03595721005932,79.07673063103825,78.97277815297996,300000.0,125640.0,0.26255,0.5,480.49999999999994,307.5965069878251,5608.0,0.0,1.0,0.0,1.0,0.0,1.0,0.0,0.0,0.0,0.0,0.0,0.0,0.0,1.0,0.0
310000.0,18.870166269,0.01232211545,40577.44808745482,0.00829993215,60241.45631118202,4.900724305804861E-7,310000.0,89.53774193548387,79.07543996989082,79.10419874623904,79.01496573990799,310000.0,125640.0,0.26228709677419354,0.5,489.29999999999995,313.27093350289897,5608.0,0.0,1.0,0.0,1.0,0.0,1.0,0.0,0.0,0.0,0.0,0.0,0.0,0.0,1.0,0.0
320000.0,19.417510888,0.01301283855,38423.592060934316,0.008792460050000001,56866.90609415962,5.042472518295092E-7,320000.0,89.543125,79.08623448786798,79.10335912471663,79.03672426106677,320000.0,125640.0,0.26195,0.5,485.7,310.78862055530067,5608.0,0.0,1.0,0.0,1.0,0.0,1.0,0.0,0.0,0.0,0.0,0.0,0.0,0.0,1.0,0.0
330000.0,20.124946294,0.01681826305,29729.586135828693,0.0115690309,43218.831751931786,5.227007857556497E-7,330000.0,89.56181818181818,79.12363429095257,79.14057674373541,79.08116478911731,330000.0,125640.0,0.2615757575757576,0.5,479.79999999999995,306.37188730908935,5608.0,0.0,1.0,0.0,1.0,0.0,1.0,0.0,0.0,0.0,0.0,0.0,0.0,0.0,1.0,0.0
340000.0,20.820415898,0.01658518195,30147.39310713441,0.01114952605,44844.955539612376,5.407300975988661E-7,340000.0,89.57147058823529,79.14295070431713,79.17050961962107,79.1112394103993,340000.0,125640.0,0.26129705882352944,0.5,457.20000000000005,296.3420696125041,5608.0,0.0,1.0,0.0,1.0,0.0,1.0,0.0,0.0,0.0,0.0,0.0,0.0,0.0,1.0,0.0
350000.0,21.566185136,0.01734982615,28818.732572718025,0.0123771786,40396.92858597031,5.60054528157231E-7,350000.0,89.578,79.15600929046444,79.1849032486319,79.11709813710111,350000.0,125640.0,0.2610085714285714,0.5,473.3,309.6822923937083,5608.0,0.0,1.0,0.0,1.0,0.0,1.0,0.0,0.0,0.0,0.0,0.0,0.0,0.0,1.0,0.0
360000.0,22.245710424,0.0159122748,31422.282878121234,0.011139532550000001,44885.18685642693,5.776399114479353E-7,360000.0,89.58972222222222,79.17945069317967,79.20405298174937,79.13737147692291,360000.0,125640.0,0.26077222222222224,0.5,482.1,307.0596937983811,5608.0,0.0,1.0,0.0,1.0,0.0,1.0,0.0,0.0,0.0,0.0,0.0,0.0,0.0,1.0,0.0
370000.0,22.878397348,0.014911113949999999,33532.03534468329,0.0102594716,48735.453393135766,5.940023817561609E-7,370000.0,89.59810810810811,79.1962300096172,79.2118354317567,79.16242555495398,370000.0,125640.0,0.2605081081081081,0.5,478.9,308.9708544327262,5608.0,0.0,1.0,0.0,1.0,0.0,1.0,0.0,0.0,0.0,0.0,0.0,0.0,0.0,1.0,0.0
380000.0,23.546197853,0.0154511117,32360.131083642347,0.01107090885,45163.41040961601,6.112433701670771E-7,380000.0,89.6021052631579,79.20423058184798,79.2250947731491,79.1668204514418,380000.0,125640.0,0.26018157894736843,0.5,477.7,302.4970339615838,5608.0,0.0,1.0,0.0,1.0,0.0,1.0,0.0,0.0,0.0,0.0,0.0,0.0,0.0,1.0,0.0
390000.0,24.286734813,0.0173278846,28855.22448597101,0.0120447647,41511.81135153267,6.303374473028859E-7,390000.0,89.60307692307691,79.2061752059644,79.22692691923461,79.16748014262373,390000.0,125640.0,0.25987692307692306,0.5,468.70000000000005,296.43963222814114,5608.0,0.0,1.0,0.0,1.0,0.0,1.0,0.0,0.0,0.0,0.0,0.0,0.0,0.0,1.0,0.0
400000.0,24.926670773,0.01508415105,33147.37424351104,0.0102577287,48743.73407828577,6.468112696595532E-7,400000.0,89.60725000000001,79.21452575943823,79.23775371583827,79.1708629578968,400000.0,125640.0,0.25978,0.5,487.2000000000001,313.1424241104642,5608.0,0.0,1.0,0.0,1.0,0.0,1.0,0.0,0.0,0.0,0.0,0.0,0.0,0.0,1.0,0.0
410000.0,25.582021873,0.01559965595,32051.98894146124,0.010507971500000001,47582.92311698789,6.637828763836106E-7,410000.0,89.61658536585367,79.23319901655971,79.25189463167386,79.18901082785423,410000.0,125640.0,0.2597,0.5,500.9,319.1549432137591,5608.0,0.0,1.0,0.0,1.0,0.0,1.0,0.0,0.0,0.0,0.0,0.0,0.0,0.0,1.0,0.0
420000.0,26.318846521,0.01742583045,28693.03712294527,0.01194143295,41871.02185253236,6.828734523442616E-7,420000.0,89.63380952380953,79.26764936856432,79.2830088125012,79.227260582465,420000.0,125640.0,0.25954285714285713,0.5,472.1,301.88461739913515,5608.0,0.0,1.0,0.0,1.0,0.0,1.0,0.0,0.0,0.0,0.0,0.0,0.0,0.0,1.0,0.0
430000.0,26.936033155,0.014438930050000002,34628.60463126906,0.010148107200000001,49270.27180004562,6.988565794022796E-7,430000.0,89.6393023255814,79.27863571639901,79.30968823581316,79.2393041711519,430000.0,125640.0,0.25936976744186047,0.5,483.59999999999997,310.92843049307805,5608.0,0.0,1.0,0.0,1.0,0.0,1.0,0.0,0.0,0.0,0.0,0.0,0.0,0.0,1.0,0.0
440000.0,27.580179468,0.0150385455,33247.89621443111,0.01043757225,47903.860018789324,7.154176649370273E-7,440000.0,89.66022727272728,79.32047771762834,79.34842803838437,79.28439055264394,440000.0,125640.0,0.2591295454545455,0.5,472.2,301.0912744593499,5608.0,0.0,1.0,0.0,1.0,0.0,1.0,0.0,0.0,0.0,0.0,0.0,0.0,0.0,1.0,0.0
450000.0,28.246062818,0.015750213699999998,31745.60101365482,0.01080097325,46292.12464719325,7.326776133500082E-7,450000.0,89.66333333333333,79.32669107525967,79.3553856191165,79.29169263645267,450000.0,125640.0,0.25904,0.5,482.1,307.8933617703088,5608.0,0.0,1.0,0.0,1.0,0.0,1.0,0.0,0.0,0.0,0.0,0.0,0.0,0.0,1.0,0.0
460000.0,28.964947095,0.01712075155,29204.325437454292,0.01153924315,43330.39814660635,7.513084199866322E-7,460000.0,89.68782608695652,79.37567128903993,79.3979561257595,79.33495101221101,460000.0,125640.0,0.25894782608695655,0.5,491.0,318.54077010992205,5608.0,0.0,1.0,0.0,1.0,0.0,1.0,0.0,0.0,0.0,0.0,0.0,0.0,0.0,1.0,0.0
470000.0,29.61356552,0.0152680483,32748.127997473,0.010568569699999999,47310.091544364805,7.681038534520236E-7,470000.0,89.69170212765958,79.38343056314437,79.40382514358105,79.3442021879823,470000.0,125640.0,0.2587340425531915,0.5,476.0,300.90640848387835,5608.0,0.0,1.0,0.0,1.0,0.0,1.0,0.0,0.0,0.0,0.0,0.0,0.0,0.0,1.0,0.0
480000.0,30.190986963,0.01372308735,36434.949894857295,0.009293941949999999,53798.485367126705,7.830663761854214E-7,480000.0,89.69604166666667,79.39209900106252,79.40564128615328,79.34526593612189,480000.0,125640.0,0.25856875,0.5,476.09999999999997,303.0557154495963,5608.0,0.0,1.0,0.0,1.0,0.0,1.0,0.0,0.0,0.0,0.0,0.0,0.0,0.0,1.0,0.0
490000.0,30.836463053,0.01501155605,33307.67299103546,0.01069627205,46745.25831642436,7.997780880818186E-7,490000.0,89.70346938775509,79.40695080095892,79.41970695731627,79.36001440008508,490000.0,125640.0,0.2582816326530612,0.5,471.3,299.35191107902864,5608.0,0.0,1.0,0.0,1.0,0.0,1.0,0.0,0.0,0.0,0.0,0.0,0.0,0.0,1.0,0.0
500000.0,31.380350933,0.012559244150000001,39811.31300803639,0.0089328651,55973.08303693067,8.137493164732163E-7,500000.0,89.7146,79.42921354314754,79.44161726317304,79.38326591646188,500000.0,125640.0,0.258004,0.5,462.1000000000001,292.89378051892237,5608.0,0.0,1.0,0.0,1.0,0.0,1.0,0.0,0.0,0.0,0.0,0.0,0.0,0.0,1.0,0.0
510000.0,31.890134208,0.011927351999999999,41920.453089671544,0.0082630616,60510.25929662681,8.268743604808157E-7,510000.0,89.73,79.46000211764928,79.47738386308069,79.41196124290009,510000.0,125640.0,0.2578254901960784,0.5,483.6,305.60075625270014,5608.0,0.0,1.0,0.0,1.0,0.0,1.0,0.0,0.0,0.0,0.0,0.0,0.0,0.0,1.0,0.0
520000.0,32.343762441,0.010691759050000001,46764.989527144266,0.0072776963,68703.05923592883,8.385556413566736E-7,520000.0,89.74596153846154,79.49193401900774,79.51185961352991,79.45557524851661,520000.0,125640.0,0.25761538461538463,0.5,460.7999999999999,291.10318903554906,5608.0,0.0,1.0,0.0,1.0,0.0,1.0,0.0,0.0,0.0,0.0,0.0,0.0,0.0,1.0,0.0
530000.0,32.889143557,0.0127231327,39298.497609790706,0.0088331405,56605.0092829385,8.525685803679792E-7,530000.0,89.7545283018868,79.50906964969022,79.53654712913972,79.47505490227206,530000.0,125640.0,0.2574377358490566,0.5,469.8,300.76894047683106,5608.0,0.0,1.0,0.0,1.0,0.0,1.0,0.0,0.0,0.0,0.0,0.0,0.0,0.0,1.0,0.0
540000.0,33.533552551,0.015148880049999999,33005.74024942524,0.0104896091,47666.21856290145,8.692352175676307E-7,540000.0,89.76462962962964,79.52927112329623,79.55560980661961,79.49690993938586,540000.0,125640.0,0.2572685185185185,0.5,477.40000000000003,305.2005533706939,5608.0,0.0,1.0,0.0,1.0,0.0,1.0,0.0,0.0,0.0,0.0,0.0,0.0,0.0,1.0,0.0
550000.0,34.027101717,0.0118251905,42282.61692697466,0.007783861899999999,64235.46645913644,8.819823400781533E-7,550000.0,89.76454545454546,79.52910100148097,79.55785857720225,79.49815175628676,550000.0,125640.0,0.2571727272727273,0.5,479.70000000000005,306.48257155451216,5608.0,0.0,1.0,0.0,1.0,0.0,1.0,0.0,0.0,0.0,0.0,0.0,0.0,0.0,1.0,0.0
560000.0,34.510922578,0.01135170075,44046.263287904236,0.00772194395,64750.534740672396,8.943814137688881E-7,560000.0,89.76553571428572,79.53107797288264,79.56099996433794,79.49606828800594,560000.0,125640.0,0.25695535714285717,0.5,456.6,288.86798214947794,5608.0,0.0,1.0,0.0,1.0,0.0,1.0,0.0,0.0,0.0,0.0,0.0,0.0,0.0,1.0,0.0
570000.0,35.086779883,0.012904707100000001,38745.5520009439,0.009635248150000001,51892.79946048924,9.090338082391812E-7,570000.0,89.75508771929825,79.51018471444749,79.53279708392478,79.47524735075478,570000.0,125640.0,0.25675087719298245,0.5,465.5,299.1979092321484,5608.0,0.0,1.0,0.0,1.0,0.0,1.0,0.0,0.0,0.0,0.0,0.0,0.0,0.0,1.0,0.0
580000.0,35.5641198,0.0110905108,45083.586231213085,0.0077630782499999995,64407.44043768978,9.212898318593433E-7,580000.0,89.7544827586207,79.5089735635631,79.53592164803604,79.47215697112064,580000.0,125640.0,0.2566413793103448,0.5,483.19999999999993,306.59992027251263,5608.0,0.0,1.0,0.0,1.0,0.0,1.0,0.0,0.0,0.0,0.0,0.0,0.0,0.0,1.0,0.0
590000.0,36.066045972,0.0119291699,41914.06478333417,0.0080261975,62296.00006727968,9.342620809921106E-7,590000.0,89.7706779661017,79.5413612583846,79.56781388168541,79.50244531992936,590000.0,125640.0,0.2564474576271186,0.5,461.5,291.0224313614941,5608.0,0.0,1.0,0.0,1.0,0.0,1.0,0.0,0.0,0.0,0.0,0.0,0.0,0.0,1.0,0.0
600000.0,36.666775167,0.0139974419,35720.812672206914,0.00994796255,50261.54828055721,9.498281062064735E-7,600000.0,89.77033333333333,79.54067199427567,79.56682113561307,79.49898126189919,600000.0,125640.0,0.25630833333333336,0.5,478.6,301.97505415734815,5608.0,0.0,1.0,0.0,1.0,0.0,1.0,0.0,0.0,0.0,0.0,0.0,0.0,0.0,1.0,0.0
610000.0,37.35668053,0.0159133293,31420.20067416062,0.0114458043,43684.12973826575,9.676132709695068E-7,610000.0,89.77573770491803,79.55147921883331,79.57879295892708,79.50901540240761,610000.0,125640.0,0.2561229508196721,0.5,460.9,292.16374784623014,5608.0,0.0,1.0,0.0,1.0,0.0,1.0,0.0,0.0,0.0,0.0,0.0,0.0,0.0,1.0,0.0
620000.0,37.989188364,0.0145827914,34286.98842938945,0.01052309195,47514.55203239956,9.839336807613304E-7,620000.0,89.79225806451613,79.58451502370689,79.61102180069135,79.54168565803893,620000.0,125640.0,0.25593387096774195,0.5,461.1,294.8417466295361,5608.0,0.0,1.0,0.0,1.0,0.0,1.0,0.0,0.0,0.0,0.0,0.0,0.0,0.0,1.0,0.0
630000.0,38.629350504,0.0150300656,33266.654538087976,0.010371089699999999,48210.94161397524,1.0004460359691685E-6,630000.0,89.80111111111111,79.6022163761938,79.6322888434533,79.55952433973188,630000.0,125640.0,0.25582063492063495,0.5,464.6,300.00303702166457,5608.0,0.0,1.0,0.0,1.0,0.0,1.0,0.0,0.0,0.0,0.0,0.0,0.0,0.0,1.0,0.0
640000.0,39.159431074,0.0124273149,40233.952710090256,0.00859024475,58205.55927699266,1.0141087771493985E-6,640000.0,89.805,79.6099891168317,79.64003095434235,79.56760277575971,640000.0,125640.0,0.255659375,0.5,458.5,293.67867928514437,5608.0,0.0,1.0,0.0,1.0,0.0,1.0,0.0,0.0,0.0,0.0,0.0,0.0,0.0,1.0,0.0
650000.0,39.739446477,0.0130937737,38186.088400168395,0.00992063145,50400.017631942166,1.0290695940195627E-6,650000.0,89.80723076923077,79.61444933897603,79.64327413507036,79.57260108406766,650000.0,125640.0,0.2554646153846154,0.5,447.4,285.06264418739806,5608.0,0.0,1.0,0.0,1.0,0.0,1.0,0.0,0.0,0.0,0.0,0.0,0.0,0.0,1.0,0.0
660000.0,40.207337486,0.011054383650000001,45230.925199524805,0.007524106149999999,66453.07628999892,1.041146785752759E-6,660000.0,89.80863636363637,79.61725423119434,79.63849805051704,79.57239389567991,660000.0,125640.0,0.25536363636363635,0.5,464.90000000000003,295.15022540319285,5608.0,0.0,1.0,0.0,1.0,0.0,1.0,0.0,0.0,0.0,0.0,0.0,0.0,0.0,1.0,0.0
670000.0,40.723602688,0.01203111515,41558.907363628714,0.0084016287,59512.27051964341,1.0544293597277297E-6,670000.0,89.80880597014925,79.61759650978837,79.63360108332861,79.5745050001047,670000.0,125640.0,0.25522388059701495,0.5,455.9000000000001,292.86418922997973,5608.0,0.0,1.0,0.0,1.0,0.0,1.0,0.0,0.0,0.0,0.0,0.0,0.0,0.0,1.0,0.0
680000.0,41.229104806,0.01147080545,43588.918160930014,0.00844815995,59184.48549260717,1.067377945261453E-6,680000.0,89.82132352941177,79.64262334635397,79.66154985366542,79.59679986793856,680000.0,125640.0,0.2550838235294118,0.5,470.0,294.29010630102175,5608.0,0.0,1.0,0.0,1.0,0.0,1.0,0.0,0.0,0.0,0.0,0.0,0.0,0.0,1.0,0.0
690000.0,41.779783475,0.0128236932,38990.32768500731,0.0090799331,55066.48501628278,1.0816166857255665E-6,690000.0,89.83202898550725,79.66403426084176,79.68437359741709,79.61785845016823,690000.0,125640.0,0.25491159420289855,0.5,450.2,284.2122837285929,5608.0,0.0,1.0,0.0,1.0,0.0,1.0,0.0,0.0,0.0,0.0,0.0,0.0,0.0,1.0,0.0
700000.0,42.288902661,0.01182614095,42279.21873364785,0.00832610175,60052.11262281295,1.0947169162374033E-6,700000.0,89.83428571428571,79.66854659515333,79.68975211565082,79.61960023943246,700000.0,125640.0,0.2547785714285714,0.5,456.5,292.89332529096663,5608.0,0.0,1.0,0.0,1.0,0.0,1.0,0.0,0.0,0.0,0.0,0.0,0.0,0.0,1.0,0.0
710000.0,42.789121299,0.01145331395,43655.48715269435,0.00826446765,60499.964568195755,1.1075347195949448E-6,710000.0,89.84211267605635,79.68419150753135,79.70452083128141,79.63287725392186,710000.0,125640.0,0.25462112676056337,0.5,454.3,287.31595075031174,5608.0,0.0,1.0,0.0,1.0,0.0,1.0,0.0,0.0,0.0,0.0,0.0,0.0,0.0,1.0,0.0
720000.0,43.341792339,0.0125560116,39821.56244583272,0.009213162649999999,54270.180500937975,1.1216860577349594E-6,720000.0,89.84902777777778,79.69803165938688,79.72250120687838,79.64961032235071,720000.0,125640.0,0.2545138888888889,0.5,471.7,300.9802688254202,5608.0,0.0,1.0,0.0,1.0,0.0,1.0,0.0,0.0,0.0,0.0,0.0,0.0,0.0,1.0,0.0
730000.0,43.883144914,0.01246688145,40106.260896545224,0.00885421645,56470.27072621429,1.1355461179482793E-6,730000.0,89.85438356164383,79.70874436722896,79.72926000837509,79.66179422611675,730000.0,125640.0,0.2544054794520548,0.5,464.5,290.7049860062412,5608.0,0.0,1.0,0.0,1.0,0.0,1.0,0.0,0.0,0.0,0.0,0.0,0.0,0.0,1.0,0.0
740000.0,44.463526659,0.013495847799999999,37048.432037000304,0.00958008885,52191.58275343136,1.1505469341795935E-6,740000.0,89.86094594594594,79.72186316003828,79.74253260866631,79.6747042458031,740000.0,125640.0,0.2542891891891892,0.5,457.3,295.9560965939224,5608.0,0.0,1.0,0.0,1.0,0.0,1.0,0.0,0.0,0.0,0.0,0.0,0.0,0.0,1.0,0.0
750000.0,44.957700577,0.0115683771,43221.274313403905,0.00798208865,62640.24642221933,1.1632559716674543E-6,750000.0,89.87026666666667,79.7404979445754,79.76260558484212,79.69244504319562,750000.0,125640.0,0.254224,0.5,469.9,306.6117523296631,5608.0,0.0,1.0,0.0,1.0,0.0,1.0,0.0,0.0,0.0,0.0,0.0,0.0,0.0,1.0,0.0
760000.0,45.476971073,0.0122765287,40728.12536983683,0.00832711355,60044.815889414655,1.1766496403958693E-6,760000.0,89.8807894736842,79.76154502076615,79.78227551269883,79.71278285138465,760000.0,125640.0,0.25415657894736843,0.5,472.1,300.4786736747441,5608.0,0.0,1.0,0.0,1.0,0.0,1.0,0.0,0.0,0.0,0.0,0.0,0.0,0.0,1.0,0.0
770000.0,45.972788956,0.0118021012,42365.337453639186,0.00793592115,63004.6582557086,1.1894806015192575E-6,770000.0,89.88610389610389,79.77216244282207,79.78580643151751,79.72106273224158,770000.0,125640.0,0.25405064935064936,0.5,460.9,298.04416153017024,5608.0,0.0,1.0,0.0,1.0,0.0,1.0,0.0,0.0,0.0,0.0,0.0,0.0,0.0,1.0,0.0
780000.0,46.455451153,0.0112643365,44387.87850487244,0.0077889841,64193.2238634304,1.2018664632613815E-6,780000.0,89.89217948717949,79.7843171857116,79.79389211243928,79.73426623757184,780000.0,125640.0,0.25395897435897435,0.5,472.5,301.51294425870935,5608.0,0.0,1.0,0.0,1.0,0.0,1.0,0.0,0.0,0.0,0.0,0.0,0.0,0.0,1.0,0.0
790000.0,46.960017614,0.01200324895,41655.38864375549,0.00801996745,62344.39268204262,1.2148828185292937E-6,790000.0,89.8972151898734,79.79437775059218,79.81068405688585,79.74330144694329,790000.0,125640.0,0.2539164556962025,0.5,482.50000000000006,307.30703068935975,5608.0,0.0,1.0,0.0,1.0,0.0,1.0,0.0,0.0,0.0,0.0,0.0,0.0,0.0,1.0,0.0
800000.0,47.500885502,0.01208726005,41365.86769306746,0.0092480408,54065.50542034806,1.2287521115571304E-6,800000.0,89.9075,79.81494150912522,79.83224343186575,79.76273726899717,800000.0,125640.0,0.25374625,0.5,449.5,285.48292418286593,5608.0,0.0,1.0,0.0,1.0,0.0,1.0,0.0,0.0,0.0,0.0,0.0,0.0,0.0,1.0,0.0
810000.0,48.104063228,0.013800336299999999,36231.001124226226,0.010104583949999999,49482.49254735521,1.2442918194846294E-6,810000.0,89.91493827160494,79.8298130079509,79.84386141960762,79.7762962119393,810000.0,125640.0,0.2536395061728395,0.5,449.8,289.60540203678676,5608.0,0.0,1.0,0.0,1.0,0.0,1.0,0.0,0.0,0.0,0.0,0.0,0.0,0.0,1.0,0.0
820000.0,48.681666791,0.0131084641,38143.29399582366,0.00967239565,51693.50159905835,1.2591008170947477E-6,820000.0,89.9189024390244,79.8377468045226,79.85097545994326,79.78672939427433,820000.0,125640.0,0.25355731707317075,0.5,480.5,301.9158271218431,5608.0,0.0,1.0,0.0,1.0,0.0,1.0,0.0,0.0,0.0,0.0,0.0,0.0,0.0,1.0,0.0
830000.0,49.290166756,0.0145844855,34283.00573235854,0.0098112161,50962.08206034724,1.2749595638960643E-6,830000.0,89.92240963855421,79.84475219129209,79.8569536423841,79.7896425663317,830000.0,125640.0,0.25352530120481925,0.5,475.5,301.80024666803854,5608.0,0.0,1.0,0.0,1.0,0.0,1.0,0.0,0.0,0.0,0.0,0.0,0.0,0.0,1.0,0.0
840000.0,49.764959869,0.0111259793,44939.86430479877,0.0076717747,65173.968156285926,1.2871792912073476E-6,840000.0,89.93011904761904,79.86018226067605,79.87585826239633,79.80807562393326,840000.0,125640.0,0.2534440476190476,0.5,465.2,298.0510023469137,5608.0,0.0,1.0,0.0,1.0,0.0,1.0,0.0,0.0,0.0,0.0,0.0,0.0,0.0,1.0,0.0
850000.0,50.2604265,0.01120476225,44623.883027950906,0.00838861865,59604.56910268534,1.299916226253104E-6,850000.0,89.93917647058824,79.87829700144962,79.89637524948222,79.82666172852319,850000.0,125640.0,0.2533458823529412,0.5,472.5,299.8248562818708,5608.0,0.0,1.0,0.0,1.0,0.0,1.0,0.0,0.0,0.0,0.0,0.0,0.0,0.0,1.0,0.0
860000.0,50.787781975,0.01234990515,40486.14089963274,0.008627330499999999,57955.3547879034,1.3135527542865878E-6,860000.0,89.94744186046512,79.8948240683622,79.91202857096386,79.84252115378786,860000.0,125640.0,0.2532686046511628,0.5,471.8,298.5802702419866,5608.0,0.0,1.0,0.0,1.0,0.0,1.0,0.0,0.0,0.0,0.0,0.0,0.0,0.0,1.0,0.0
870000.0,51.261460761,0.0112253224,44542.15052210884,0.00762086005,65609.39273514149,1.3258039631489708E-6,870000.0,89.95218390804598,79.90431310346702,79.92329069153212,79.85291168939523,870000.0,125640.0,0.2531896551724138,0.5,461.4,295.69548901229825,5608.0,0.0,1.0,0.0,1.0,0.0,1.0,0.0,0.0,0.0,0.0,0.0,0.0,0.0,1.0,0.0
880000.0,51.714462519,0.01025583305,48752.74368862703,0.00758578885,65912.72310459841,1.3374021442087412E-6,880000.0,89.95977272727272,79.91949849282837,79.93555141239601,79.86981474688605,880000.0,125640.0,0.2530590909090909,0.5,459.90000000000003,293.946499289317,5608.0,0.0,1.0,0.0,1.0,0.0,1.0,0.0,0.0,0.0,0.0,0.0,0.0,0.0,1.0,0.0
890000.0,52.159164016,0.01025616135,48751.18311199346,0.00732129715,68293.90881914963,1.348828602374722E-6,890000.0,89.9676404494382,79.93524588067493,79.94879856276668,79.88913890071377,890000.0,125640.0,0.25300786516853935,0.5,467.8,292.0550937370855,5608.0,0.0,1.0,0.0,1.0,0.0,1.0,0.0,0.0,0.0,0.0,0.0,0.0,0.0,1.0,0.0
900000.0,52.634167472,0.0111680824,44770.44331263172,0.007654537,65320.73723074302,1.3610644937664314E-6,900000.0,89.97311111111111,79.94619519702167,79.9636316000986,79.90120091226571,900000.0,125640.0,0.25295,0.5,469.90000000000003,301.81431009443173,5608.0,0.0,1.0,0.0,1.0,0.0,1.0,0.0,0.0,0.0,0.0,0.0,0.0,0.0,1.0,0.0
910000.0,53.08334564,0.0104383968,47900.075996344574,0.00734607905,68063.52022579992,1.372625526284524E-6,910000.0,89.98692307692308,79.97382359142378,79.99055733672975,79.92920517722935,910000.0,125640.0,0.25285604395604394,0.5,464.0,300.18882946127985,5608.0,0.0,1.0,0.0,1.0,0.0,1.0,0.0,0.0,0.0,0.0,0.0,0.0,0.0,1.0,0.0
920000.0,53.575579108,0.0114059333,43836.83358905842,0.0080657511,61990.50699692431,1.3852833509192845E-6,920000.0,89.99565217391304,79.99128829537379,80.00595216113412,79.94889189524798,920000.0,125640.0,0.2527619565217391,0.5,456.29999999999995,289.5517800555426,5608.0,0.0,1.0,0.0,1.0,0.0,1.0,0.0,0.0,0.0,0.0,0.0,0.0,0.0,1.0,0.0
930000.0,54.037427342,0.010826698499999999,46182.13022187697,0.00750030065,66663.99432934732,1.3971970578465653E-6,930000.0,90.00236559139785,80.00470932987803,80.0240198174236,79.96064460091772,930000.0,125640.0,0.25271505376344083,0.5,473.19999999999993,304.3593636184407,5608.0,0.0,1.0,0.0,1.0,0.0,1.0,0.0,0.0,0.0,0.0,0.0,0.0,0.0,1.0,0.0
940000.0,54.494816494,0.010422755799999999,47971.957665937065,0.00766161615,65260.382432497616,1.4089530417702204E-6,940000.0,90.00765957446808,80.01530693095162,80.03642956278149,79.97531237941334,940000.0,125640.0,0.25259468085106385,0.5,457.2,287.88647453852747,5608.0,0.0,1.0,0.0,1.0,0.0,1.0,0.0,0.0,0.0,0.0,0.0,0.0,0.0,1.0,0.0
950000.0,54.949383733,0.010331185599999999,48397.155888865265,0.00756069605,66131.47740544338,1.4205838948417498E-6,950000.0,90.01515789473684,80.03030983737753,80.05177587900174,79.99177362709219,950000.0,125640.0,0.25248947368421054,0.5,460.9,294.47107007499244,5608.0,0.0,1.0,0.0,1.0,0.0,1.0,0.0,0.0,0.0,0.0,0.0,0.0,0.0,1.0,0.0
960000.0,55.400921636,0.0102113131,48965.29908577576,0.007637374099999999,65467.52764147039,1.4321866687927438E-6,960000.0,90.02010416666667,80.04020325709962,80.05836353153484,80.00075148261257,960000.0,125640.0,0.252378125,0.5,461.1,295.53132941647095,5608.0,0.0,1.0,0.0,1.0,0.0,1.0,0.0,0.0,0.0,0.0,0.0,0.0,0.0,1.0,0.0
970000.0,55.861432593,0.010495296749999999,47640.38710958792,0.0076959807000000005,64968.97789777461,1.4440121480432382E-6,970000.0,90.03,80.05999694675722,80.07659599014428,80.02049413169546,970000.0,125640.0,0.25227525773195875,0.5,454.80000000000007,293.2817378865888,5608.0,0.0,1.0,0.0,1.0,0.0,1.0,0.0,0.0,0.0,0.0,0.0,0.0,0.0,1.0,0.0
980000.0,56.320343862,0.01041010845,48030.23930072506,0.0077201249999999996,64765.790709347326,1.4557979448383717E-6,980000.0,90.03714285714285,80.07427907780071,80.0903759410762,80.03386447665478,980000.0,125640.0,0.2521765306122449,0.5,460.1,292.1219113848037,5608.0,0.0,1.0,0.0,1.0,0.0,1.0,0.0,0.0,0.0,0.0,0.0,0.0,0.0,1.0,0.0
990000.0,56.816515799,0.01160259035,43093.825164653856,0.00809351895,61777.8253302292,1.468601659832154E-6,990000.0,90.04232323232323,80.0846407222931,80.10116852471987,80.04590730691301,990000.0,125640.0,0.2521232323232323,0.5,469.6,299.90487380723465,5608.0,0.0,1.0,0.0,1.0,0.0,1.0,0.0,0.0,0.0,0.0,0.0,0.0,0.0,1.0,0.0
999500.0,57.246851065,0.00986493775,50684.55703128993,0.007158353500000001,69848.46445484985,1.4796678742860487E-6,999500.0,90.05222611305653,80.10444106643993,80.12012540388369,80.06160312507521,999500.0,125640.0,0.25203001500750377,0.5,459.7000000000001,291.03037260357866,5608.0,0.0,1.0,0.0,1.0,0.0,1.0,0.0,0.0,0.0,0.0,0.0,0.0,0.0,1.0,0.0
1000000.0,57.268693974,2.065763E-5,2.4204131838937964E7,1.5618398E-5,3.201352661137205E7,1.4802574170182502E-6,1000000.0,90.0524,80.10479005557826,80.12153766528583,80.06269240636223,1000000.0,125640.0,0.252027,0.5,461.7,292.7479196244517,5608.0,0.0,1.0,0.0,1.0,0.0,1.0,0.0,0.0,0.0,0.0,0.0,0.0,0.0,1.0,0.0
